epoch,time,train/box_loss,train/cls_loss,train/dfl_loss,metrics/precision(B),metrics/recall(B),metrics/mAP50(B),metrics/mAP50-95(B),val/box_loss,val/cls_loss,val/dfl_loss,lr/pg0,lr/pg1,lr/pg2
1,2.21989,1.80389,2.64421,1.32989,0.09721,0.44791,0.26211,0.12128,2.03514,3.87216,1.88663,0.0016,0.0016,0.0856
2,3.33363,1.73707,1.65702,1.41416,0.34897,0.0303,0.00884,0.00316,2.91519,16.394,3.47585,0.00329919,0.00329919,0.0702992
3,5.19423,1.73318,1.38937,1.38161,0.00065,0.21212,0.00072,0.00023,4.22424,2703.69,12.601,0.00499512,0.00499512,0.0549951
4,7.39114,1.75347,1.27937,1.39549,0.33475,0.01515,0.00108,0.00022,3.74452,796.085,5.74841,0.00668528,0.00668528,0.0396853
5,9.0817,1.65471,1.26584,1.38498,0.0111,0.22103,0.00206,0.00024,3.00784,302.788,3.75269,0.00836721,0.00836721,0.0243672
6,10.2751,1.75096,1.35353,1.43751,0.00056,0.0098,0.00011,1e-05,3.9082,69.297,6.00475,0.00993906,0.00993906,0.00993906
7,11.3218,1.70472,1.27782,1.41077,0.76175,0.01961,0.01949,0.00438,3.59552,6.30292,4.54385,0.00991232,0.00991232,0.00991232
8,12.2999,1.69368,1.15514,1.36969,0.4019,0.06061,0.03845,0.01202,3.25338,4.86102,3.20993,0.00988079,0.00988079,0.00988079
9,13.3092,1.71294,1.18467,1.39717,0.00103,0.08358,0.00053,0.00014,2.97004,10.425,2.65451,0.00984449,0.00984449,0.00984449
10,14.4527,1.70355,1.18664,1.38253,0.73685,0.20945,0.2292,0.07143,2.6694,3.78103,2.35336,0.00980345,0.00980345,0.00980345
11,15.4615,1.64231,1.14921,1.36073,0.50259,0.7343,0.69309,0.29099,1.88174,1.66614,1.66747,0.00975773,0.00975773,0.00975773
12,16.3937,1.65789,1.09517,1.35492,0.50735,0.09091,0.14321,0.04166,2.87873,6.75181,2.74556,0.00970736,0.00970736,0.00970736
13,17.2873,1.62045,1.01976,1.32851,0.12557,0.34215,0.123,0.0356,2.47488,3.42579,2.29449,0.00965239,0.00965239,0.00965239
14,18.3155,1.58125,1.05175,1.32483,0.5837,0.75851,0.60566,0.2659,2.06718,5.4487,1.69857,0.00959289,0.00959289,0.00959289
15,19.2794,1.63193,1.00755,1.36422,0.49614,0.59943,0.46627,0.23019,1.93858,2.29587,1.62897,0.00952889,0.00952889,0.00952889
16,20.3221,1.55229,1.01045,1.32302,0.60629,0.54173,0.57394,0.25116,2.27863,3.68218,1.91102,0.00946048,0.00946048,0.00946048
17,21.3184,1.56949,0.97289,1.35871,0.752,0.42413,0.59475,0.24041,2.08879,1.87213,1.81035,0.00938772,0.00938772,0.00938772
18,22.3759,1.58913,0.96353,1.29836,0.91242,0.89301,0.94842,0.50427,1.55088,1.68097,1.34828,0.00931067,0.00931067,0.00931067
19,23.4626,1.50583,0.94701,1.29101,0.9384,0.88899,0.96464,0.48386,1.63844,1.17798,1.37089,0.00922942,0.00922942,0.00922942
20,24.46,1.57478,0.94952,1.31171,0.8827,0.96116,0.95436,0.46534,1.65096,0.91204,1.40912,0.00914405,0.00914405,0.00914405
21,25.4302,1.56709,0.90599,1.32013,0.56885,0.30475,0.44501,0.21415,2.2726,3.09926,1.90777,0.00905463,0.00905463,0.00905463
22,26.4989,1.54195,0.89804,1.29689,0.83935,0.88514,0.88286,0.44381,1.69108,1.14149,1.39212,0.00896127,0.00896127,0.00896127
23,27.7411,1.56054,0.91176,1.30617,0.79064,0.8672,0.89311,0.43062,1.74748,1.01006,1.42469,0.00886404,0.00886404,0.00886404
24,28.8333,1.49919,0.91759,1.28244,0.90664,0.90834,0.95628,0.47031,1.72089,0.93647,1.45278,0.00876305,0.00876305,0.00876305
25,29.927,1.47871,0.87566,1.26492,0.82625,0.70621,0.79542,0.37506,1.93939,1.3203,1.52238,0.00865839,0.00865839,0.00865839
26,30.9866,1.54467,0.85474,1.28673,0.75983,0.58211,0.64327,0.25174,2.43849,1.51398,2.06898,0.00855018,0.00855018,0.00855018
27,32.0122,1.54228,0.85764,1.29784,0.56717,0.5339,0.5545,0.2483,2.53805,2.68494,1.9988,0.00843851,0.00843851,0.00843851
28,32.9825,1.57197,0.84744,1.33026,0.8687,0.86015,0.87755,0.37877,2.06758,1.01102,1.80256,0.00832349,0.00832349,0.00832349
29,33.931,1.54644,0.86717,1.30168,0.84622,0.95298,0.94652,0.47937,1.64368,1.02728,1.35043,0.00820525,0.00820525,0.00820525
30,34.8923,1.47056,0.85069,1.28687,0.631,0.25305,0.2921,0.13013,2.58338,3.59579,1.99579,0.00808389,0.00808389,0.00808389
31,35.8696,1.47724,0.79856,1.25977,0.93577,0.9491,0.97308,0.50797,1.62838,0.78285,1.37075,0.00795954,0.00795954,0.00795954
32,36.8805,1.48388,0.81481,1.27662,0.96059,0.94328,0.98253,0.45903,1.67101,0.82762,1.38305,0.00783231,0.00783231,0.00783231
33,37.8529,1.47019,0.81526,1.261,0.9681,0.94112,0.97425,0.51915,1.53908,0.74975,1.32021,0.00770234,0.00770234,0.00770234
34,39.0251,1.48975,0.80568,1.26724,0.91766,0.86257,0.8941,0.43979,1.85615,1.05312,1.60212,0.00756976,0.00756976,0.00756976
35,40.0078,1.4452,0.84166,1.2704,0.9382,0.86334,0.93332,0.50815,1.61359,0.84611,1.4047,0.00743468,0.00743468,0.00743468
36,40.9947,1.46339,0.79992,1.27957,0.83685,0.91314,0.94993,0.4647,1.64633,0.8485,1.49566,0.00729725,0.00729725,0.00729725
37,41.973,1.47064,0.81426,1.2713,0.95705,0.94629,0.97972,0.52368,1.52203,0.83327,1.33241,0.00715761,0.00715761,0.00715761
38,43.2171,1.41501,0.78353,1.26462,0.94019,0.93947,0.97903,0.53009,1.4709,0.89164,1.36271,0.00701588,0.00701588,0.00701588
39,45.3522,1.42265,0.794,1.25523,0.5013,0.62002,0.4768,0.24316,1.92278,8.95638,1.59046,0.00687222,0.00687222,0.00687222
40,47.1668,1.45558,0.79174,1.27089,0.88796,0.91411,0.95734,0.50489,1.57443,0.86026,1.3841,0.00672675,0.00672675,0.00672675
41,48.164,1.44723,0.79323,1.26236,0.94039,0.87572,0.94366,0.52014,1.54836,0.80991,1.34434,0.00657963,0.00657963,0.00657963
42,49.1973,1.43323,0.81735,1.26605,0.9384,0.9897,0.98093,0.52458,1.57428,0.76145,1.36959,0.00643101,0.00643101,0.00643101
43,50.2033,1.43337,0.77632,1.25126,0.96411,0.97446,0.99081,0.55297,1.51193,0.71239,1.32215,0.00628101,0.00628101,0.00628101
44,51.2211,1.43473,0.75486,1.26067,0.96711,0.95627,0.97877,0.52823,1.53906,0.73747,1.3341,0.00612981,0.00612981,0.00612981
45,52.2222,1.42603,0.77546,1.2597,0.54572,0.39542,0.40999,0.18945,2.19753,4.47074,1.85761,0.00597754,0.00597754,0.00597754
46,53.2585,1.42738,0.78147,1.24321,0.9388,0.98342,0.9922,0.53143,1.52356,0.73367,1.32069,0.00582435,0.00582435,0.00582435
47,54.4176,1.41402,0.76609,1.25618,0.94979,0.93066,0.98207,0.5325,1.54651,0.70759,1.35588,0.0056704,0.0056704,0.0056704
48,55.429,1.39187,0.74079,1.24461,0.94798,0.96972,0.9838,0.52891,1.51174,0.70642,1.33391,0.00551584,0.00551584,0.00551584
49,56.4176,1.35886,0.74133,1.23951,0.56526,0.3559,0.3676,0.17231,2.2393,5.10847,2.14361,0.00536081,0.00536081,0.00536081
50,57.4369,1.38119,0.71548,1.24869,0.98714,0.93006,0.9808,0.50003,1.63048,0.74795,1.40189,0.00520548,0.00520548,0.00520548
51,58.4628,1.40419,0.7291,1.26368,0.95692,0.93277,0.9757,0.51363,1.58906,0.72428,1.37119,0.00505,0.00505,0.00505
52,59.501,1.36323,0.70347,1.22641,0.97809,0.94053,0.98268,0.512,1.64983,0.77362,1.37795,0.00489452,0.00489452,0.00489452
53,60.5846,1.38505,0.73282,1.21388,0.97171,0.97671,0.97671,0.53259,1.53352,0.69938,1.3249,0.00473919,0.00473919,0.00473919
54,61.664,1.38374,0.70122,1.23712,0.94582,0.9874,0.98757,0.53219,1.50977,0.65992,1.35052,0.00458416,0.00458416,0.00458416
55,62.7185,1.34901,0.69704,1.2093,0.96862,0.95383,0.96312,0.51471,1.55298,0.67218,1.35407,0.0044296,0.0044296,0.0044296
56,63.7563,1.36131,0.68119,1.19606,0.96172,0.98508,0.99219,0.54905,1.52262,0.64174,1.33128,0.00427565,0.00427565,0.00427565
57,64.7998,1.34757,0.71004,1.20642,0.96463,0.96877,0.99235,0.54899,1.52207,0.66099,1.29764,0.00412246,0.00412246,0.00412246
58,65.8395,1.3583,0.68905,1.21584,0.96391,0.9842,0.99216,0.55704,1.48322,0.63916,1.3327,0.00397019,0.00397019,0.00397019
59,67.0092,1.37836,0.68871,1.23804,0.94709,0.97262,0.97438,0.54017,1.4988,0.63976,1.31052,0.00381899,0.00381899,0.00381899
60,68.0531,1.36586,0.7056,1.21316,0.95288,0.9902,0.99147,0.54634,1.48566,0.63022,1.29224,0.00366899,0.00366899,0.00366899
61,69.1757,1.3583,0.69004,1.21614,0.96708,0.99722,0.9928,0.54968,1.55769,0.64334,1.34033,0.00352037,0.00352037,0.00352037
62,70.2439,1.3559,0.703,1.2329,0.95934,0.90669,0.96054,0.51121,1.53762,0.70049,1.37919,0.00337325,0.00337325,0.00337325
63,71.3161,1.35552,0.68783,1.22063,0.95863,0.98093,0.99201,0.55873,1.4768,0.63978,1.328,0.00322778,0.00322778,0.00322778
64,72.4051,1.37218,0.67632,1.22179,0.97508,0.96181,0.96481,0.55395,1.45698,0.63797,1.28049,0.00308412,0.00308412,0.00308412
65,73.4679,1.35036,0.67129,1.21791,0.95994,0.98426,0.99337,0.54957,1.43358,0.64426,1.29211,0.00294239,0.00294239,0.00294239
66,74.5514,1.31117,0.6585,1.19325,0.95864,0.96187,0.98056,0.51254,1.55893,0.66384,1.33466,0.00280275,0.00280275,0.00280275
67,75.6625,1.30832,0.65012,1.17813,0.9761,0.85384,0.93471,0.48784,1.64962,0.82456,1.40605,0.00266532,0.00266532,0.00266532
68,76.7763,1.326,0.65105,1.19756,0.976,0.97185,0.98543,0.52376,1.55451,0.67513,1.3492,0.00253024,0.00253024,0.00253024
69,77.8734,1.34035,0.64573,1.22012,0.96141,0.98755,0.99211,0.53512,1.51058,0.61932,1.30783,0.00239766,0.00239766,0.00239766
70,78.9536,1.32471,0.64354,1.20164,0.96978,0.99629,0.99309,0.56723,1.44693,0.6186,1.27174,0.00226769,0.00226769,0.00226769
71,80.7211,1.33566,0.64344,1.19951,0.9717,0.99933,0.99337,0.56807,1.4771,0.59916,1.28586,0.00214046,0.00214046,0.00214046
72,82.7287,1.29622,0.62992,1.19997,0.971,1,0.99293,0.54511,1.49489,0.60848,1.30326,0.00201611,0.00201611,0.00201611
73,84.4097,1.29438,0.6271,1.20592,0.95233,1,0.99221,0.534,1.50945,0.6021,1.30802,0.00189475,0.00189475,0.00189475
74,85.479,1.31797,0.63478,1.18956,0.9324,0.97504,0.97895,0.54004,1.47372,0.59427,1.30834,0.00177651,0.00177651,0.00177651
75,86.5658,1.29589,0.60586,1.1842,0.9609,0.98889,0.99063,0.5436,1.47152,0.59488,1.30916,0.00166149,0.00166149,0.00166149
76,87.6923,1.30576,0.62099,1.18922,0.96984,0.99783,0.99179,0.54873,1.44503,0.57961,1.26625,0.00154982,0.00154982,0.00154982
77,88.7625,1.28731,0.63393,1.17182,0.95998,0.99713,0.99179,0.54428,1.44454,0.59585,1.26806,0.00144161,0.00144161,0.00144161
78,89.7445,1.28466,0.60791,1.16776,0.94735,0.99785,0.99132,0.55155,1.41731,0.57935,1.27253,0.00133695,0.00133695,0.00133695
79,90.7187,1.3277,0.63219,1.20663,0.95175,0.9969,0.98867,0.57082,1.43146,0.57556,1.27523,0.00123596,0.00123596,0.00123596
80,91.8326,1.28611,0.60868,1.17441,0.94961,0.99706,0.98794,0.56232,1.41883,0.58243,1.28547,0.00113873,0.00113873,0.00113873
81,92.8887,1.23954,0.60699,1.1652,0.9593,0.99744,0.98918,0.5504,1.442,0.59277,1.28601,0.00104537,0.00104537,0.00104537
82,93.9856,1.24674,0.59847,1.15482,0.96139,0.99745,0.99208,0.56464,1.46623,0.5849,1.27248,0.000955951,0.000955951,0.000955951
83,95.0374,1.27643,0.61297,1.18383,0.96806,0.99968,0.9937,0.5589,1.46107,0.57998,1.27419,0.000870577,0.000870577,0.000870577
84,96.1729,1.24742,0.59186,1.14761,0.96965,1,0.99423,0.55506,1.4429,0.57915,1.28212,0.000789327,0.000789327,0.000789327
85,97.1429,1.26514,0.59567,1.17153,0.96854,0.9976,0.99309,0.55174,1.45028,0.57592,1.2841,0.000712282,0.000712282,0.000712282
86,98.1332,1.20305,0.57722,1.12788,0.96533,0.99748,0.99309,0.54886,1.46457,0.58122,1.28751,0.000639518,0.000639518,0.000639518
87,99.144,1.26866,0.60139,1.16248,0.96173,0.9974,0.99309,0.5476,1.45846,0.58035,1.29025,0.000571106,0.000571106,0.000571106
88,100.141,1.23731,0.58229,1.15355,0.95902,0.9975,0.99309,0.56208,1.44396,0.57279,1.29245,0.000507115,0.000507115,0.000507115
89,101.167,1.23803,0.58342,1.13825,0.9591,0.99768,0.9915,0.56247,1.43283,0.56917,1.28371,0.000447606,0.000447606,0.000447606
90,102.226,1.24439,0.5747,1.16534,0.96058,0.99781,0.99121,0.56927,1.43312,0.56767,1.27458,0.00039264,0.00039264,0.00039264
91,103.637,1.24241,0.56664,1.18145,0.96257,0.99793,0.99049,0.57223,1.43776,0.57067,1.27403,0.00034227,0.00034227,0.00034227
92,104.769,1.23009,0.54953,1.18079,0.96246,0.99785,0.99049,0.56415,1.43398,0.56124,1.26616,0.000296546,0.000296546,0.000296546
93,105.846,1.23587,0.54035,1.16557,0.96118,0.99774,0.98991,0.57068,1.42724,0.56011,1.26535,0.000255513,0.000255513,0.000255513
94,106.933,1.21044,0.54781,1.1812,0.96044,0.99771,0.98962,0.57406,1.42564,0.56073,1.26877,0.000219212,0.000219212,0.000219212
95,108.223,1.21386,0.54108,1.1723,0.95948,0.99769,0.98991,0.57295,1.42703,0.56196,1.27125,0.000187678,0.000187678,0.000187678
96,109.314,1.20106,0.53447,1.16506,0.95853,0.99768,0.99049,0.56965,1.43076,0.56189,1.27116,0.000160943,0.000160943,0.000160943
97,110.385,1.22687,0.54514,1.16558,0.95883,0.99772,0.99049,0.56321,1.42852,0.55908,1.26953,0.000139032,0.000139032,0.000139032
98,111.422,1.21507,0.53851,1.1716,0.95937,0.99769,0.99049,0.56674,1.42589,0.55687,1.26746,0.000121968,0.000121968,0.000121968
99,112.412,1.20302,0.52624,1.15197,0.9602,0.99775,0.99077,0.57426,1.42278,0.55438,1.26785,0.000109768,0.000109768,0.000109768
100,113.45,1.19603,0.53666,1.1507,0.96091,0.99782,0.99019,0.56648,1.42298,0.55261,1.26955,0.000102443,0.000102443,0.000102443
