epoch,time,train/box_loss,train/seg_loss,train/cls_loss,train/dfl_loss,train/sem_loss,metrics/precision(B),metrics/recall(B),metrics/mAP50(B),metrics/mAP50-95(B),metrics/precision(M),metrics/recall(M),metrics/mAP50(M),metrics/mAP50-95(M),val/box_loss,val/seg_loss,val/cls_loss,val/dfl_loss,val/sem_loss,lr/pg0,lr/pg1,lr/pg2
1,2.5234,1.00144,1.21685,2.32964,0.96905,0,0.01263,0.17481,0.04338,0.01776,0.00556,0.03704,0.02119,0.00974,1.69311,100.032,4.24829,1.52298,0,0.0018,0.0018,0.0838
2,4.58848,1.08624,1.14117,1.46383,1.00247,0,0.00016,0.03704,4e-05,1e-05,0.34051,0.02381,0.00357,0.00062,3.36487,64.038,6.18676,12.7185,0,0.0036991,0.0036991,0.0666991
3,6.63896,1.11522,1.09307,1.26283,0.99884,0,0.00016,0.03704,2e-05,1e-05,0,0,0,0,3.53161,1776.3,9372.37,13.1003,0,0.00559453,0.00559453,0.0495945
4,8.74969,1.11469,1.01035,1.19191,1.01501,0,7e-05,0.05128,4e-05,0,0,0,0,0,3.96941,10.6259,1046.55,5.2449,0,0.00748352,0.00748352,0.0324835
5,10.7317,1.12599,1.00535,1.19889,1.02237,0,0.33661,0.05556,0.00093,0.00031,0.33661,0.05556,0.00068,0.0003,3.77918,35.7029,44.6937,5.45626,0,0.00936331,0.00936331,0.0153633
6,13.5447,1.10597,1.02712,1.06952,1.00451,0,0.00013,0.07407,4e-05,1e-05,0,0,0,0,3.45639,120.026,851.901,3.78693,0,0.00993906,0.00993906,0.00993906
7,16.6688,1.0349,0.98517,1.01428,0.98748,0,0.00143,0.13757,0.00097,0.00022,0.00022,0.06614,8e-05,2e-05,3.90323,123.713,14.7374,3.23101,0,0.00991232,0.00991232,0.00991232
8,18.9198,0.99697,0.96845,0.92114,0.98227,0,0.9553,0.03704,0.0389,0.0228,0.9553,0.03704,0.0389,0.02431,2.99351,15.9716,6.85988,4.619,0,0.00988079,0.00988079,0.00988079
9,20.7178,0.9639,0.90991,0.92443,0.96515,0,0.27989,0.25783,0.25797,0.11537,0.30346,0.23932,0.28089,0.14896,2.20064,3.54508,3.95162,1.98018,0,0.00984449,0.00984449,0.00984449
10,22.556,0.91409,0.92547,0.86442,0.96649,0,0.69569,0.75776,0.75648,0.46894,0.69569,0.75776,0.76026,0.51118,0.99433,1.34756,1.03252,0.9515,0,0.00980345,0.00980345,0.00980345
11,24.3671,0.88965,0.94355,0.80172,0.94508,0,0.8679,0.81655,0.9462,0.69337,0.8679,0.81655,0.9462,0.73043,0.96565,0.92595,0.80264,0.86568,0,0.00975773,0.00975773,0.00975773
12,26.2577,0.86094,0.90088,0.77766,0.91934,0,0.91572,0.61407,0.66781,0.44749,0.9498,0.55104,0.62856,0.41759,1.04785,1.66886,1.39372,0.97329,0,0.00970736,0.00970736,0.00970736
13,28.2166,0.84845,0.90342,0.77979,0.90949,0,0.86644,0.61479,0.71435,0.50519,0.86644,0.61479,0.70598,0.47523,1.0817,2.03022,1.11416,0.94932,0,0.00965239,0.00965239,0.00965239
14,30.1124,0.80945,0.88781,0.70572,0.8998,0,0.98995,0.95782,0.98852,0.81215,0.98995,0.95782,0.98852,0.7523,0.76482,0.75449,0.80841,0.79813,0,0.00959289,0.00959289,0.00959289
15,32.0207,0.81587,0.89082,0.71378,0.90509,0,0.96887,0.96514,0.99333,0.78204,0.96887,0.96514,0.99333,0.78209,0.82653,0.76672,0.67852,0.79951,0,0.00952889,0.00952889,0.00952889
16,34.0085,0.77376,0.84859,0.65403,0.89003,0,0.94577,1,0.995,0.816,0.94577,1,0.995,0.73184,0.64855,0.89838,0.54114,0.76582,0,0.00946048,0.00946048,0.00946048
17,35.9571,0.73942,0.91361,0.65853,0.88538,0,0.93336,0.62782,0.79262,0.61168,0.98632,0.5871,0.75464,0.55034,0.89905,1.2888,1.10044,0.91684,0,0.00938772,0.00938772,0.00938772
18,37.8935,0.7852,0.94402,0.67129,0.89465,0,0.99048,0.92633,0.98343,0.78183,0.98139,1,0.995,0.71846,0.66253,0.91306,0.51935,0.78122,0,0.00931067,0.00931067,0.00931067
19,39.893,0.76278,0.86421,0.65304,0.88757,0,0.98022,1,0.995,0.82585,0.98022,1,0.995,0.77425,0.65691,0.78999,0.48558,0.75826,0,0.00922942,0.00922942,0.00922942
20,41.8627,0.72984,0.81943,0.61309,0.88695,0,0.98869,1,0.995,0.7979,0.98869,1,0.995,0.73189,0.71288,0.8273,0.4573,0.7837,0,0.00914405,0.00914405,0.00914405
21,43.655,0.74307,0.81685,0.61471,0.89132,0,0.88687,1,0.97236,0.70904,0.88687,1,0.97236,0.68428,0.88219,0.88888,0.57307,0.85886,0,0.00905463,0.00905463,0.00905463
22,45.7387,0.72568,0.82835,0.58553,0.87807,0,0.66983,0.06085,0.03896,0.03675,0.66983,0.06085,0.03893,0.03474,3.52629,15.8959,13.3315,3.4368,0,0.00896127,0.00896127,0.00896127
23,47.7083,0.71388,0.80497,0.59974,0.86643,0,0.95136,0.97619,0.98588,0.79991,0.97452,1,0.995,0.75421,0.61776,0.728,0.52914,0.77675,0,0.00886404,0.00886404,0.00886404
24,49.6698,0.67678,0.80554,0.58724,0.87212,0,0.99206,1,0.995,0.83279,0.99206,1,0.995,0.7707,0.59131,0.73107,0.57114,0.76064,0,0.00876305,0.00876305,0.00876305
25,52.4268,0.67042,0.85021,0.5736,0.86016,0,0.92918,0.99418,0.98786,0.81102,0.92918,0.99418,0.98786,0.71709,0.73824,0.97081,0.67799,0.78818,0,0.00865839,0.00865839,0.00865839
26,55.7109,0.68702,0.80087,0.55918,0.86636,0,0.96539,0.99998,0.995,0.84603,0.96539,0.99998,0.995,0.81922,0.53309,0.63223,0.59071,0.7383,0,0.00855018,0.00855018,0.00855018
27,58.1502,0.67147,0.79009,0.55406,0.8777,0,0.99455,1,0.995,0.84962,0.99455,1,0.995,0.83058,0.49617,0.55557,0.47516,0.72994,0,0.00843851,0.00843851,0.00843851
28,60.109,0.67164,0.74992,0.58531,0.87074,0,0.91222,0.90476,0.95542,0.73681,0.94848,0.90476,0.95088,0.66054,0.72321,1.64494,0.51115,0.80909,0,0.00832349,0.00832349,0.00832349
29,62.0357,0.7022,0.82558,0.57003,0.8883,0,0.99566,1,0.995,0.82298,0.99566,1,0.995,0.77515,0.55943,0.69832,0.49625,0.73967,0,0.00820525,0.00820525,0.00820525
30,63.9198,0.66979,0.74445,0.55047,0.87317,0,0.99244,1,0.995,0.84483,0.99244,1,0.995,0.7933,0.51492,0.67471,0.41178,0.73442,0,0.00808389,0.00808389,0.00808389
31,65.7251,0.66318,0.7635,0.52893,0.88045,0,0.99061,1,0.995,0.86956,0.99061,1,0.995,0.81422,0.47052,0.67323,0.41775,0.73657,0,0.00795954,0.00795954,0.00795954
32,67.5998,0.67946,0.76077,0.54576,0.87172,0,0.98199,0.99223,0.995,0.82739,0.98199,0.99223,0.995,0.80095,0.57274,0.65226,0.48161,0.74591,0,0.00783231,0.00783231,0.00783231
33,69.4712,0.68115,0.74067,0.55797,0.86998,0,0.85525,0.98214,0.9775,0.78689,0.85525,0.98214,0.9775,0.75377,0.59538,0.68334,0.48047,0.76141,0,0.00770234,0.00770234,0.00770234
34,71.2685,0.67119,0.73405,0.54384,0.8698,0,0.99154,1,0.995,0.86341,0.99154,1,0.995,0.80892,0.49968,0.65753,0.4265,0.73416,0,0.00756976,0.00756976,0.00756976
35,73.0705,0.68086,0.73667,0.56804,0.86668,0,0.93768,0.99317,0.995,0.82715,0.93768,0.99317,0.995,0.80391,0.561,0.7192,0.43026,0.74712,0,0.00743468,0.00743468,0.00743468
36,74.9342,0.64916,0.78311,0.5571,0.86294,0,0.97429,0.98302,0.995,0.85584,0.97429,0.98302,0.995,0.76853,0.52232,0.78728,0.41489,0.74191,0,0.00729725,0.00729725,0.00729725
37,76.7372,0.66186,0.73941,0.54645,0.86425,0,0.96745,0.9812,0.99167,0.85652,0.96745,0.9812,0.99167,0.79123,0.49087,0.66315,0.46015,0.73388,0,0.00715761,0.00715761,0.00715761
38,78.6366,0.64224,0.79306,0.54596,0.8775,0,0.96161,1,0.995,0.83847,0.96161,1,0.995,0.80371,0.53141,0.59877,0.46508,0.74485,0,0.00701588,0.00701588,0.00701588
39,80.6345,0.62789,0.7426,0.49911,0.86011,0,0.99236,0.99276,0.995,0.85063,0.99236,0.99276,0.995,0.7874,0.50171,0.62292,0.41168,0.73722,0,0.00687222,0.00687222,0.00687222
40,82.6148,0.64597,0.72948,0.4985,0.86468,0,0.98659,0.98641,0.995,0.86276,0.98659,0.98641,0.995,0.82631,0.48161,0.65894,0.35057,0.73132,0,0.00672675,0.00672675,0.00672675
41,84.6823,0.60439,0.68293,0.48373,0.84823,0,0.99639,1,0.995,0.87171,0.99639,1,0.995,0.81752,0.40844,0.71905,0.36333,0.71907,0,0.00657963,0.00657963,0.00657963
42,86.6509,0.5991,0.72092,0.48537,0.85304,0,0.99199,1,0.995,0.88666,0.99199,1,0.995,0.83018,0.42172,0.62695,0.32023,0.71933,0,0.00643101,0.00643101,0.00643101
43,88.695,0.60446,0.74479,0.48029,0.85012,0,0.95868,1,0.995,0.86068,0.95868,1,0.995,0.82666,0.59733,0.70266,0.42404,0.74435,0,0.00628101,0.00628101,0.00628101
44,91.514,0.58256,0.70087,0.46429,0.85537,0,0.91906,0.92329,0.986,0.86107,0.91906,0.92329,0.986,0.79642,0.53701,0.77835,0.46054,0.73049,0,0.00612981,0.00612981,0.00612981
45,94.5092,0.59272,0.74276,0.49213,0.8428,0,0.98361,0.98744,0.995,0.88504,0.98361,0.98744,0.995,0.81767,0.51728,0.63281,0.46612,0.73112,0,0.00597754,0.00597754,0.00597754
46,96.7878,0.59284,0.71707,0.46646,0.84502,0,0.98735,1,0.995,0.84909,0.98735,1,0.995,0.78894,0.54657,0.69517,0.41685,0.73633,0,0.00582435,0.00582435,0.00582435
47,98.5953,0.59607,0.73883,0.48556,0.8627,0,0.96345,1,0.995,0.88539,0.96345,1,0.995,0.80484,0.48129,0.63888,0.34937,0.72461,0,0.0056704,0.0056704,0.0056704
48,100.484,0.60947,0.70774,0.48527,0.84751,0,0.99328,1,0.995,0.90981,0.99328,1,0.995,0.81038,0.41301,0.58765,0.32649,0.71754,0,0.00551584,0.00551584,0.00551584
49,102.506,0.58653,0.68559,0.4505,0.85075,0,0.99193,1,0.995,0.90724,0.99193,1,0.995,0.82768,0.43121,0.60064,0.35545,0.72163,0,0.00536081,0.00536081,0.00536081
50,104.365,0.56022,0.70202,0.43592,0.84412,0,0.99324,1,0.995,0.85728,0.99324,1,0.995,0.82374,0.56188,0.65632,0.36387,0.73547,0,0.00520548,0.00520548,0.00520548
51,106.053,0.56567,0.67807,0.43266,0.84346,0,0.93437,0.99775,0.995,0.87424,0.93437,0.99775,0.995,0.79223,0.48479,0.73009,0.36178,0.72418,0,0.00505,0.00505,0.00505
52,107.866,0.55655,0.69052,0.43683,0.85119,0,0.99588,1,0.995,0.87107,0.99588,1,0.995,0.82071,0.43723,0.63395,0.33965,0.71848,0,0.00489452,0.00489452,0.00489452
53,109.745,0.57137,0.7083,0.41744,0.84479,0,0.99028,1,0.995,0.89721,0.99028,1,0.995,0.85615,0.48504,0.5683,0.34767,0.72406,0,0.00473919,0.00473919,0.00473919
54,111.661,0.56034,0.70163,0.42144,0.84196,0,0.99474,1,0.995,0.88088,0.99474,1,0.995,0.83494,0.46282,0.60469,0.34109,0.72031,0,0.00458416,0.00458416,0.00458416
55,113.52,0.53809,0.64072,0.42471,0.84179,0,0.98852,1,0.995,0.88625,0.98852,1,0.995,0.80024,0.43865,0.65175,0.36661,0.71445,0,0.0044296,0.0044296,0.0044296
56,115.494,0.52023,0.652,0.41578,0.8392,0,0.98835,0.98363,0.995,0.88789,0.98835,0.98363,0.995,0.80936,0.51878,0.72095,0.31937,0.73196,0,0.00427565,0.00427565,0.00427565
57,117.465,0.54432,0.6536,0.42967,0.83883,0,0.99092,0.98828,0.995,0.90357,0.99092,0.98828,0.995,0.83515,0.45108,0.66742,0.32486,0.72528,0,0.00412246,0.00412246,0.00412246
58,119.299,0.53009,0.65518,0.41622,0.84517,0,0.99384,1,0.995,0.89128,0.99384,1,0.995,0.8296,0.43779,0.54158,0.28943,0.71892,0,0.00397019,0.00397019,0.00397019
59,120.948,0.5281,0.67535,0.41026,0.82979,0,0.99369,1,0.995,0.88809,0.99369,1,0.995,0.80413,0.44921,0.73367,0.30344,0.71889,0,0.00381899,0.00381899,0.00381899
60,122.6,0.50545,0.63788,0.40124,0.82816,0,0.99194,1,0.995,0.90143,0.99194,1,0.995,0.83297,0.40696,0.54453,0.30954,0.71322,0,0.00366899,0.00366899,0.00366899
61,124.244,0.51336,0.66471,0.39555,0.84015,0,0.99319,1,0.995,0.90006,0.99319,1,0.995,0.81961,0.3579,0.62264,0.30621,0.70971,0,0.00352037,0.00352037,0.00352037
62,125.904,0.50768,0.66361,0.39861,0.83547,0,0.97249,1,0.995,0.90577,0.97249,1,0.995,0.83321,0.3909,0.59847,0.3348,0.7084,0,0.00337325,0.00337325,0.00337325
63,127.55,0.51214,0.65872,0.39785,0.82901,0,0.99518,1,0.995,0.90261,0.99518,1,0.995,0.84304,0.41857,0.56978,0.30903,0.71108,0,0.00322778,0.00322778,0.00322778
64,129.203,0.52504,0.66088,0.39991,0.8347,0,0.99469,1,0.995,0.89679,0.99469,1,0.995,0.83097,0.47032,0.54036,0.32285,0.71647,0,0.00308412,0.00308412,0.00308412
65,131.168,0.50422,0.62482,0.3949,0.83569,0,0.99197,1,0.995,0.9116,0.99197,1,0.995,0.84335,0.42606,0.53367,0.30139,0.71124,0,0.00294239,0.00294239,0.00294239
66,133.879,0.50264,0.69966,0.37929,0.83356,0,0.99345,1,0.995,0.90951,0.99345,1,0.995,0.81909,0.43165,0.58581,0.30337,0.71264,0,0.00280275,0.00280275,0.00280275
67,136.469,0.50569,0.65878,0.38689,0.831,0,0.99198,1,0.995,0.91598,0.99198,1,0.995,0.84472,0.38747,0.58429,0.2964,0.70639,0,0.00266532,0.00266532,0.00266532
68,138.183,0.49406,0.6464,0.37638,0.83015,0,0.99303,1,0.995,0.91579,0.99303,1,0.995,0.84827,0.37604,0.54658,0.31117,0.7061,0,0.00253024,0.00253024,0.00253024
69,139.84,0.48535,0.64272,0.35761,0.83186,0,0.99354,1,0.995,0.92655,0.99354,1,0.995,0.83536,0.41512,0.61799,0.30314,0.71445,0,0.00239766,0.00239766,0.00239766
70,141.484,0.45916,0.62573,0.35249,0.82305,0,0.99462,1,0.995,0.93556,0.99462,1,0.995,0.84269,0.36649,0.56685,0.27334,0.70641,0,0.00226769,0.00226769,0.00226769
71,143.152,0.47072,0.65834,0.36314,0.82658,0,0.99386,1,0.995,0.91414,0.99386,1,0.995,0.8386,0.37419,0.57204,0.29084,0.70607,0,0.00214046,0.00214046,0.00214046
72,144.805,0.48812,0.63643,0.37969,0.81922,0,0.99548,1,0.995,0.91467,0.99548,1,0.995,0.83828,0.3794,0.51882,0.25111,0.70608,0,0.00201611,0.00201611,0.00201611
73,146.446,0.4757,0.62136,0.36311,0.82801,0,0.99309,1,0.995,0.9218,0.99309,1,0.995,0.83692,0.35499,0.51669,0.25174,0.70143,0,0.00189475,0.00189475,0.00189475
74,148.1,0.45586,0.60485,0.33962,0.82189,0,0.99288,1,0.995,0.92381,0.99288,1,0.995,0.83907,0.3308,0.49635,0.25822,0.69943,0,0.00177651,0.00177651,0.00177651
75,150.22,0.45459,0.60641,0.35006,0.81864,0,0.99324,1,0.995,0.91098,0.99324,1,0.995,0.84852,0.36536,0.56553,0.24958,0.70253,0,0.00166149,0.00166149,0.00166149
76,152.777,0.4518,0.62659,0.34841,0.82663,0,0.99216,0.99763,0.995,0.9265,0.99216,0.99763,0.995,0.84852,0.30008,0.50138,0.23975,0.70173,0,0.00154982,0.00154982,0.00154982
77,155.27,0.43628,0.59233,0.32956,0.82202,0,0.99476,1,0.995,0.93199,0.99476,1,0.995,0.84605,0.36051,0.55865,0.25262,0.70515,0,0.00144161,0.00144161,0.00144161
78,157.284,0.44613,0.63705,0.33269,0.82686,0,0.99492,1,0.995,0.92963,0.99492,1,0.995,0.85426,0.32797,0.53757,0.27511,0.70226,0,0.00133695,0.00133695,0.00133695
79,158.951,0.44148,0.56676,0.34119,0.81682,0,0.99329,1,0.995,0.91345,0.99329,1,0.995,0.84843,0.40503,0.55231,0.24696,0.70992,0,0.00123596,0.00123596,0.00123596
80,161.484,0.45272,0.61762,0.34698,0.82792,0,0.99279,1,0.995,0.9296,0.99279,1,0.995,0.85287,0.37226,0.51139,0.24335,0.70818,0,0.00113873,0.00113873,0.00113873
81,163.754,0.43021,0.57097,0.34163,0.82481,0,0.99398,1,0.995,0.92769,0.99398,1,0.995,0.84258,0.39009,0.5205,0.23629,0.71001,0,0.00104537,0.00104537,0.00104537
82,165.847,0.43732,0.59502,0.3288,0.82332,0,0.99569,1,0.995,0.93107,0.99569,1,0.995,0.84921,0.34792,0.48788,0.22993,0.70214,0,0.000955951,0.000955951,0.000955951
83,167.631,0.42481,0.59394,0.31617,0.81715,0,0.99498,1,0.995,0.92424,0.99498,1,0.995,0.84403,0.37437,0.50642,0.23296,0.70373,0,0.000870577,0.000870577,0.000870577
84,169.732,0.43444,0.58332,0.32403,0.82682,0,0.99508,1,0.995,0.92917,0.99508,1,0.995,0.84032,0.36789,0.50076,0.23786,0.70191,0,0.000789327,0.000789327,0.000789327
85,171.588,0.41596,0.57232,0.30731,0.81418,0,0.99472,1,0.995,0.92598,0.99472,1,0.995,0.83884,0.37037,0.49199,0.24303,0.70235,0,0.000712282,0.000712282,0.000712282
86,173.918,0.42516,0.61057,0.32037,0.81801,0,0.99382,1,0.995,0.92464,0.99382,1,0.995,0.83879,0.37206,0.52961,0.22876,0.70377,0,0.000639518,0.000639518,0.000639518
87,176.577,0.43794,0.60012,0.31666,0.82298,0,0.99375,1,0.995,0.94085,0.99375,1,0.995,0.8561,0.32911,0.47235,0.21633,0.69884,0,0.000571106,0.000571106,0.000571106
88,178.976,0.42669,0.5991,0.32391,0.81784,0,0.9945,1,0.995,0.93724,0.9945,1,0.995,0.84745,0.34036,0.47668,0.2178,0.70025,0,0.000507115,0.000507115,0.000507115
89,181.537,0.40325,0.54931,0.31602,0.81543,0,0.99496,1,0.995,0.92906,0.99496,1,0.995,0.85166,0.34026,0.4778,0.2191,0.70067,0,0.000447606,0.000447606,0.000447606
90,184.829,0.41853,0.58847,0.30974,0.80676,0,0.9951,1,0.995,0.94325,0.9951,1,0.995,0.85928,0.32386,0.46893,0.22402,0.69885,0,0.00039264,0.00039264,0.00039264
91,187.678,0.36323,0.53298,0.26612,0.79621,0,0.99454,1,0.995,0.9245,0.99454,1,0.995,0.8477,0.34536,0.49698,0.22695,0.70082,0,0.00034227,0.00034227,0.00034227
92,189.573,0.36472,0.54913,0.2718,0.79464,0,0.99447,1,0.995,0.92189,0.99447,1,0.995,0.84946,0.36519,0.4859,0.2241,0.70308,0,0.000296546,0.000296546,0.000296546
93,191.208,0.35776,0.5507,0.26117,0.79355,0,0.99492,1,0.995,0.92863,0.99492,1,0.995,0.85843,0.35972,0.47538,0.21815,0.70289,0,0.000255513,0.000255513,0.000255513
94,192.862,0.35532,0.53149,0.25889,0.79906,0,0.99553,1,0.995,0.9421,0.99553,1,0.995,0.85051,0.35109,0.47568,0.21941,0.70311,0,0.000219212,0.000219212,0.000219212
95,194.515,0.35834,0.54722,0.25446,0.79432,0,0.99561,1,0.995,0.93512,0.99561,1,0.995,0.84891,0.34751,0.47428,0.21935,0.70201,0,0.000187678,0.000187678,0.000187678
96,196.247,0.34852,0.54729,0.25243,0.80037,0,0.99554,1,0.995,0.93479,0.99554,1,0.995,0.85402,0.33972,0.47193,0.21287,0.70076,0,0.000160943,0.000160943,0.000160943
97,197.996,0.34752,0.55267,0.24929,0.78467,0,0.99538,1,0.995,0.93206,0.99538,1,0.995,0.85437,0.33585,0.47312,0.21093,0.70011,0,0.000139032,0.000139032,0.000139032
98,199.788,0.35445,0.53498,0.25565,0.78943,0,0.9951,1,0.995,0.94291,0.9951,1,0.995,0.85933,0.33084,0.46732,0.20562,0.6993,0,0.000121968,0.000121968,0.000121968
99,201.624,0.3403,0.53703,0.24692,0.78727,0,0.99495,1,0.995,0.94439,0.99495,1,0.995,0.85904,0.33291,0.47116,0.20381,0.69935,0,0.000109768,0.000109768,0.000109768
100,203.439,0.34663,0.52639,0.24851,0.79719,0,0.99492,1,0.995,0.9391,0.99492,1,0.995,0.85603,0.33279,0.47947,0.20136,0.69933,0,0.000102443,0.000102443,0.000102443
